screenshot,position,best_name,best_score,second_name,second_score,gap,candidate_saved,candidate_file
1,1,AD,0.946,KC,0.905,0.041,no,
1,2,2C,0.946,3C,0.930,0.016,yes,2C__SS01_hero2_s0.946_g0.016.png
2,1,7C,0.868,6C,0.863,0.005,no,
2,2,3C,0.887,2C,0.884,0.003,no,
3,1,7H,0.926,7C,0.883,0.043,no,
3,2,6S,0.833,7D,0.831,0.002,no,
4,1,6H,0.911,7C,0.897,0.014,yes,6H__SS04_hero1_s0.911_g0.014.png
4,2,6S,0.923,7D,0.895,0.029,no,
5,1,5H,1.000,7C,0.882,0.118,no,
5,2,2C,1.000,3C,0.965,0.035,no,
6,1,5H,0.964,5C,0.909,0.055,no,
6,2,3C,0.972,2C,0.970,0.001,yes,3C__SS06_hero2_s0.972_g0.001.png
7,1,7C,0.895,KC,0.888,0.008,no,
7,2,KD,0.878,3C,0.851,0.027,no,
8,1,5H,0.942,7C,0.888,0.054,no,
8,2,KD,0.799,6S,0.791,0.007,no,
9,1,9S,0.972,9D,0.928,0.043,no,
9,2,2C,0.972,3C,0.933,0.039,no,
10,1,9S,0.951,9D,0.922,0.029,no,
10,2,3C,0.956,2C,0.955,0.002,yes,3C__SS10_hero2_s0.956_g0.002.png
11,1,TD,0.895,TC,0.883,0.012,no,
11,2,6S,0.979,KD,0.857,0.122,no,
12,1,KC,0.913,7C,0.912,0.001,yes,KC__SS12_hero1_s0.913_g0.001.png
12,2,4C,0.789,3C,0.785,0.004,no,
13,1,TC,0.878,5H,0.850,0.028,no,
13,2,4C,0.896,6S,0.887,0.009,no,
14,1,6H,0.920,7H,0.907,0.013,yes,6H__SS14_hero1_s0.920_g0.013.png
14,2,4C,0.951,2C,0.922,0.029,no,
15,1,KC,1.000,5C,0.905,0.094,no,
15,2,6S,1.000,7D,0.859,0.141,no,
16,1,7C,0.929,6S,0.927,0.002,yes,7C__SS16_hero1_s0.929_g0.002.png
16,2,4C,0.970,3C,0.898,0.071,no,
17,1,4H,0.904,7H,0.876,0.028,no,
17,2,2C,0.861,3C,0.813,0.048,no,
18,1,4H,0.939,5C,0.933,0.006,yes,4H__SS18_hero1_s0.939_g0.006.png
18,2,2C,0.921,3H,0.893,0.028,no,
19,1,5H,0.938,4H,0.910,0.028,no,
19,2,3C,0.922,2C,0.889,0.033,no,
20,1,6S,0.913,JS,0.862,0.051,no,
20,2,4C,0.912,3C,0.896,0.015,yes,4C__SS20_hero2_s0.912_g0.015.png
21,1,6S,0.879,JS,0.858,0.021,no,
21,2,4C,0.916,2C,0.905,0.011,yes,4C__SS21_hero2_s0.916_g0.011.png
22,1,7C,0.905,KC,0.904,0.002,yes,7C__SS22_hero1_s0.905_g0.002.png
22,2,3C,0.950,2C,0.923,0.027,no,
23,1,7C,0.861,5C,0.860,0.001,no,
23,2,7D,0.932,3C,0.900,0.032,no,
24,1,5C,0.888,KC,0.860,0.027,no,
24,2,7D,0.973,2C,0.895,0.078,no,
25,1,KC,0.921,AD,0.900,0.021,no,
25,2,6S,0.880,7D,0.872,0.009,no,
26,1,7C,0.900,KC,0.892,0.007,no,
26,2,4C,0.882,6S,0.870,0.012,no,
27,1,TC,0.998,7C,0.881,0.116,no,
27,2,4C,0.868,2C,0.850,0.018,no,
28,1,KC,0.935,AD,0.911,0.024,no,
28,2,3C,0.934,2C,0.903,0.030,no,
29,1,7C,0.902,JS,0.856,0.045,no,
29,2,4C,0.925,6S,0.906,0.019,yes,4C__SS29_hero2_s0.925_g0.019.png
30,1,5C,1.000,6C,0.929,0.071,no,
30,2,7D,1.000,2C,0.896,0.104,no,
31,1,6S,0.929,6C,0.877,0.052,no,
31,2,3C,0.898,KD,0.879,0.019,no,
32,1,6S,0.982,6C,0.873,0.109,no,
32,2,3C,0.903,2C,0.886,0.017,yes,3C__SS32_hero2_s0.903_g0.017.png
33,1,6C,0.848,6S,0.823,0.025,no,
33,2,2C,0.886,AC,0.872,0.014,no,
34,1,9S,0.954,9D,0.910,0.044,no,
34,2,2C,0.975,3C,0.910,0.064,no,
35,1,9S,1.000,9D,0.917,0.083,no,
35,2,2C,1.000,3C,0.942,0.058,no,
36,1,6C,0.959,5C,0.949,0.010,yes,6C__SS36_hero1_s0.959_g0.010.png
36,2,2C,0.948,3H,0.907,0.041,no,
37,1,JS,0.939,6C,0.845,0.095,no,
37,2,4C,0.880,3C,0.870,0.010,no,
38,1,QS,0.851,KC,0.799,0.051,no,
38,2,3C,0.933,2C,0.903,0.030,no,
39,1,QS,0.898,JS,0.813,0.085,no,
39,2,3C,0.979,2C,0.934,0.045,no,
40,1,KC,0.912,QH,0.889,0.023,no,
40,2,7D,0.916,8S,0.870,0.047,no,
41,1,7C,0.874,KC,0.873,0.001,no,
41,2,6S,0.910,7D,0.867,0.044,no,
42,1,5C,0.979,6C,0.931,0.048,no,
42,2,3H,0.894,2C,0.891,0.003,no,
43,1,AD,0.919,KC,0.897,0.022,no,
43,2,7D,0.908,3C,0.844,0.064,no,
44,1,5C,0.958,KC,0.924,0.033,no,
44,2,7D,0.887,2C,0.882,0.004,no,
45,1,4H,0.933,5H,0.917,0.016,yes,4H__SS45_hero1_s0.933_g0.016.png
45,2,3C,0.922,2C,0.890,0.032,no,
46,1,TC,0.939,5C,0.911,0.028,no,
46,2,2C,0.988,3C,0.928,0.060,no,
47,1,6H,0.932,5H,0.908,0.024,no,
47,2,3C,0.950,2C,0.923,0.028,no,
48,1,TC,0.893,TD,0.876,0.017,no,
48,2,4C,0.942,3C,0.932,0.011,yes,4C__SS48_hero2_s0.942_g0.011.png
49,1,6C,0.925,5C,0.921,0.004,yes,6C__SS49_hero1_s0.925_g0.004.png
49,2,2C,0.915,AC,0.905,0.011,yes,2C__SS49_hero2_s0.915_g0.011.png
50,1,6C,0.956,5C,0.947,0.009,yes,6C__SS50_hero1_s0.956_g0.009.png
50,2,2C,0.910,7D,0.909,0.001,yes,2C__SS50_hero2_s0.910_g0.001.png
51,1,JS,0.885,6C,0.867,0.019,no,
51,2,2C,0.854,7D,0.851,0.002,no,
52,1,5C,0.950,6C,0.916,0.034,no,
52,2,KD,0.817,2C,0.816,0.001,no,
